Name,Cuisine Types,Zip Code
Carmelina's,Italian,02113
Barcelona Wine Bar South End,"Spanish, Wine Bars, Tapas/Small Plates",02116
Neptune Oyster,"Seafood, Salad, Sandwiches",02113
Bootleg Special,"Seafood, Cocktail Bars, Tapas/Small Plates",02116
Saltie Girl,"Seafood, Cocktail Bars",02116
The Salty Pig,"New American, Italian, Pizza",02116
Ostra,Seafood,02116
Yvonne's,"New American, Lounges",02108
Bostonia Public House,"New American, Music Venues, Cocktail Bars",02109
Toro,"Tapas Bars, Spanish, Cocktail Bars",02118
Myers & Chang,"Asian Fusion, Taiwanese, Cocktail Bars",02118
Citrus & Salt,"Cocktail Bars, Mexican",02116
Earls Kitchen + Bar,"New American, Cocktail Bars",02199
Grill 23 & Bar,"Seafood, Steakhouses, Wine Bars",02116
The Friendly Toast,"Bars, Breakfast & Brunch, Diners",02116
O Ya,Japanese,02111
Tora Japanese Restaurant,"Japanese, Sushi Bars, Poke",02111
SRV Boston,"Italian, Wine Bars",02118
Lolita Cocina & Tequila Bar,"Mexican, Lounges, Cocktail Bars",02116
Ma Maison,"French, Cocktail Bars, Wine Bars",02114
Buttermilk & Bourbon,"Southern, Bars, Tapas Bars",02116
Atlantic Fish,"Seafood, Live/Raw Food, Cocktail Bars",02116
Mistral,"French, Mediterranean",02116
Contessa,"Italian, Breakfast & Brunch, Cocktail Bars",02116
Boston Sail Loft,"Bars, American, Seafood",02110
Coppa Enoteca,"Italian, Tapas/Small Plates, Pasta Shops",02118
Krasi,"Mediterranean, Greek, Wine Bars",02115
Q Restaurant,"Chinese, Sushi Bars, Hot Pot",02111
Boston Burger,"Burgers, American, Sandwiches",02215
Fuji at Ink Block,"Japanese, Sushi Bars, Cocktail Bars",02118
Abe & Louie's,"Steakhouses, Seafood, Cocktail Bars",02116
Mariel,Cuban,02109
Row 34,"New American, Seafood, Bars",02210
Mooncusser,Seafood,02116
MIDA,"Italian, Wine Bars, Noodles",02118
Moonshine 152,"New American, Asian Fusion",02127
Shōjō-Boston,"Asian Fusion, Cocktail Bars, Japanese",02111
Fox And The Knife,"Wine Bars, Italian",02127
RUKA Restobar,"Sushi Bars, Latin American, Peruvian",02111
B&G Oysters,"Seafood, Wine Bars",02116
Giacomo's Ristorante - Boston,"Italian, Wine Bars, Seafood",02113
Mooo Beacon Hill,"Steakhouses, Wine Bars, Breakfast & Brunch",02108
Deuxave,"New American, Bars, French",02115
Committee,"Mediterranean, Greek, Cocktail Bars",02210
Fin Point Oyster Bar & Grill,"Seafood, Breakfast & Brunch, Cocktail Bars",02110
Bistro du Midi,"French, Bars, Desserts",02116
Douzo,"Sushi Bars, Japanese",02116
The Beehive,"American, Breakfast & Brunch, Bars",02116
The Capital Burger,"Burgers, New American, Cocktail Bars",02116
The Capital Grille,"Steakhouses, Seafood, Wine Bars",02115
Ward 8,"Cocktail Bars, American",02113
La Famiglia Giorgio's,"Italian, Pizza, Pasta Shops",02113
Boston Chops South End,"Bars, Steakhouses",02118
Luke's Lobster Back Bay,"Seafood, Soup, Sandwiches",02116
Monument Restaurant & Tavern,"Bars, American, Breakfast & Brunch",02129
Wink & Nod,"Cocktail Bars, New American, Tapas/Small Plates",02116
Bar Mezzana,"Italian, Cocktail Bars",02118
Publico Street Bistro & Garden,"New American, Bars, Breakfast & Brunch",02127
The Banks Fish House,"Seafood, Cocktail Bars",02116
City Tap House,"Breakfast & Brunch, New American, Beer Bar",02210
Black Lamb,"New American, Seafood, Cocktail Bars",02118
Sorellina,"Italian, Bars, Mediterranean",02116
Laughing Monk Cafe,"Sushi Bars, Thai",02115
Ocean Prime,"Seafood, Steakhouses, New American",02210
Oishii Boston,"Sushi Bars, Japanese",02118
No. 9 Park,"French, Italian, Bars",02108
Piattini,"Italian, Wine Bars, Beer Bar",02116
Menton,"French, Italian, Wine Bars",02210
Chickadee,"New American, Mediterranean, Cocktail Bars",02210
The Elephant Walk,"Cambodian, French, Cocktail Bars",02118
The Daily Catch,"Italian, Seafood",02113
Isabella's,Italian,02113
Basile - Fine Italian Kitchen,Italian,02116
Lincoln Tavern and Restaurant,"New American, Bars",02127
Picco Pizza & Ice Cream,"Pizza, Italian, Bars",02116
Parish Cafe & Bar,"Sandwiches, American, Cocktail Bars",02116
Yankee Lobster,"Seafood Markets, Seafood, Sandwiches",02210
Aqua Pazza,"Italian, Seafood",02109
Fogo de Chão Brazilian Steakhouse,"Brazilian, Steakhouses",02116
Bricco,"Italian, Wine Bars",02113
Select Oyster Bar,"Seafood, Bars",02115
Davio's,"Italian, Steakhouses",02116
Jm Curley,"New American, Lounges",02111
Mare,"Seafood, Italian",02113
Trattoria Il Panino,"Italian, Wine Bars",02113
French Quarter,"Bars, Cajun/Creole",02111
Milkweed,"New American, Breakfast & Brunch, Cocktail Bars",02120
Cafe Polonia,"Polish, Wine Bars, Modern European",02127
The Tip Tap Room,"New American, Bars",02114
Scampo,Italian,02114
75 Chestnut,"New American, Diners, Steakhouses",02108
Mike & Patty's - Boston,"Sandwiches, Breakfast & Brunch",02116
Pauli's,"Sandwiches, Caterers, Seafood",02113
KAVA neo-taverna,"Greek, Bars",02118
Woods Hill Pier 4,New American,02210
bartaco Seaport,Tacos,02210
The Smoke Shop BBQ - Seaport,"Southern, Barbeque, Whiskey Bars",02210
Parla,"Italian, Tapas/Small Plates, Cocktail Bars",02113
Regina Pizza,"Pizza, Italian",02113
Oleana Restaurant,Mediterranean,02139
Precinct Kitchen + Bar,"Bars, American, Desserts",02116
ilona,"Bars, Mediterranean, Modern European",02118
Nautilus Pier 4,"Seafood, Asian Fusion, Tapas/Small Plates",02210
The Oceanaire Seafood Room,Seafood,02108
Stillwater,"Cocktail Bars, Comfort Food",02111
PURO ceviche bar,"Wine Bars, Cocktail Bars, Seafood",02116
State Street Provisions,"New American, Breakfast & Brunch, Pizza",02109
La Voile,"French, Wine Bars",02116
Kala Thai Cookery,Thai,02109
Sumiao Hunan Kitchen,"Chinese, Asian Fusion, Noodles",02142
The Brewer's Fork,"Pizza, Gastropubs, Wine Bars",02129
Legal Sea Foods - Harborside,"Seafood, Bars, Sandwiches",02210
Democracy Brewing,"American, Breweries, Venues & Event Spaces",02111
Toscano Restaurant,Italian,02114
SOJUba,"Korean, Lounges",02215
Worden Hall,"New American, Breakfast & Brunch, Cocktail Bars",02127
Ruth's Chris Steak House,"Steakhouses, Seafood, Wine Bars",02108
Nico Ristorante,"Italian, Wine Bars",02113
Benevento's,"Italian, Pizza",02113
Casarecce,"Italian, Seafood, Wine Bars",02113
Tony & Elaine’s,Italian,02114
James Hook,"Seafood, Seafood Markets",02110
4th Wall Restaurant & Bar,"Pubs, New American",02116
Limoncello Ristorante,"Italian, Wine Bars",02113
Loco Taqueria & Oyster Bar,"Cocktail Bars, Seafood, Tacos",02127
Al Dente Restaurant,"Italian, Salad, Seafood",02113
Rino's Place,Italian,02128
Frenchie Wine Bistro,"Wine Bars, French",02118
Maggiano's Little Italy,"Italian, Bars, Venues & Event Spaces",02116
Asta,"New American, Wine Bars",02115
Legal Sea Foods - Downtown Crossing,"Seafood, Bars, Sandwiches",02111
Eventide - Fenway,Seafood,02215
Grotto,Italian,02114
Santouka Back Bay,"Ramen, Soup, Noodles",02115
Bar à vin 1855,"Wine Bars, French, Breakfast & Brunch",02116
Cafe Bonjour,"Breakfast & Brunch, Coffee & Tea, Sandwiches",02111
Zuma,"Japanese, Sushi Bars, Cocktail Bars",02199
Terramia Ristorante,"Italian, Wine Bars",02113
REDWHITE BONELESS RAMEN ,"Sushi Bars, Ramen, Soup",02115
Tresca,Italian,02113
Saus,"Beer Bar, American",02108
Koy,"Korean, Asian Fusion, Sushi Bars",02109
Bar 'Cino,"Italian, Cocktail Bars, Pizza",02446
Sarma,"Middle Eastern, Tapas/Small Plates, Mediterranean",02145
The Daily Catch,Seafood,02110
Five Horses Tavern,"Bars, American, Breakfast & Brunch",02118
Panza,"Italian, Wine Bars, Salad",02113
Atlántico,"Seafood, Tapas Bars, Spanish",02118
Ristorante Euno,"Italian, Mediterranean, Pasta Shops",02113
Lolita Cocina & Tequila Bar Fort Point,Mexican,02210
Porters Bar & Grill,"American, Pubs, Burgers",02114
Modern Pastry Shop,"Bakeries, Desserts, Breakfast & Brunch",02113
Eataly Boston,"Pizza, Grocery, Italian",02199
The Smoke Shop BBQ - Kendall Square,"Southern, Barbeque, Whiskey Bars",02139
Prezza,"Italian, Desserts, Salad",02113
Gaga Seafood Restaurant,"Seafood, Chinese",02111
Mamma Maria,Italian,02113
Estragon,"Tapas Bars, Spanish",02118
anoush'ella,"Lebanese, Mediterranean, Armenian",02118
Futago Udon,"Japanese, Noodles, Desserts",02215
The Bebop,"Irish Pub, American, Music Venues",02215
Audubon Boston,"American, Bars",02215
Emmet's Irish Pub & Restaurant,"Pubs, Irish, Burgers",02108
Little Whale,"Bars, Seafood",02115
Trattoria Il Panino,Italian,02113
The Dubliner,"Irish Pub, Irish, Breakfast & Brunch",02108
Bogie's Place,"Bars, American",02111
GRECO,"Greek, Salad, Soup",02116
Delux Café,"Bars, American",02116
Cheers,"American, Sports Bars",02108
Shabu-Zen,"Japanese, Hot Pot, Do-It-Yourself Food",02111
Cósmica,"Mexican, Cocktail Bars",02116
Pressed Cafe,"Sandwiches, Juice Bars & Smoothies, Breakfast & Brunch",02199
Sulmona,"Pizza, Italian, Bars",02139
Avana Sushi,"Japanese, Sushi Bars",02111
Silvertone Bar & Grill,"American, Cocktail Bars, Sandwiches",02108
Eddie V's Prime Seafood,"Seafood, Steakhouses, Lounges",02199
Porto,"Seafood, Mediterranean, Cocktail Bars",02199
Pazza on Porter,"Italian, Lounges",02128
North Street Grille,"Breakfast & Brunch, New American",02113
Flour Bakery + Café,"Bakeries, Coffee & Tea, Sandwiches",02210
Sonsie,"New American, Wine Bars, Breakfast & Brunch",02115
Desfina Restaurant,"Greek, Mediterranean, American",02141
Jonquils Cafe & Bakery,"Cafes, Coffee & Tea, Bakeries",02116
TreMonte Restaurant & Bar,"Italian, Cocktail Bars, Pizza",02113
Strega Italiano Back Bay,"American, Italian, Wine Bars",02116
Orinoco,"Caribbean, Venezuelan",02118
Locale,"Pizza, Beer, Wine & Spirits",02113
Forcella,Italian,02113
Little Donkey,"Tapas/Small Plates, Bars, Seafood",02139
Antico Forno,"Italian, Pizza",02113
Aquitaine,French,02118
JiangNan Boston,Chinese,02111
Burro Bar South End,"Mexican, Cocktail Bars, Latin American",02118
The Helmand Restaurant,"Afghan, Halal, Bars",02142
Flour Bakery + Café,"Coffee & Tea, Bakeries, Sandwiches",02116
Boston Chowda,"Seafood, Soup, Sandwiches",02109
Spring Shabu-Shabu,"Hot Pot, Japanese",02135
Purple Shell,"Sushi Bars, Asian Fusion, Cocktail Bars",02127
Union Oyster House,Seafood,02108
Night Shift Brewing - Lovejoy Wharf,"Breweries, Coffee & Tea, Breakfast & Brunch",02114
Kaze Shabu Shabu,"Japanese, Hot Pot",02111
Caffé Vittoria,"Coffee & Tea, Italian",02113
"Pastoral - Artisan Pizza, Kitchen & Bar","Pizza, Beer Bar, Cocktail Bars",02210
BenCotto - Boston,"Italian, Seafood, Pizza",02113
Clay Pot Cafe,Cantonese,02111
Ramsay's Kitchen,"American, Desserts, Cocktail Bars",02199
Pammy's,"Italian, New American",02139
Summer Shack - Boston,"Seafood, Bars, New American",02115
Mr. Dooley's,"Irish, Music Venues, Pubs",02109
Tawakal Halal Cafe,"African, Halal, Somali",02128
Crazy Good Kitchen - Newbury,"Bars, American, Acai Bowls",02116
Lucca Restaurant & Bar,"Italian, Wine Bars, Venues & Event Spaces",02113
Pescador,"Seafood, Desserts, Cocktail Bars",02215
Ciao! Pizza & Pasta,"Italian, Pizza",02150
Joe’s On Newbury,"American, Burgers, Cocktail Bars",02116
Crudo,"Japanese, Sushi Bars, Asian Fusion",02113
Lucy Ethiopian Cafe,"Ethiopian, Coffee & Tea",02115
Area Four,"Pizza, American, Bars",02139
Arya Trattoria,Italian,02113
Gigi,"Italian, Cocktail Bars",02116
Mooo Seaport,"Steakhouses, Bars",02210
Stephanie's On Newbury,"American, Breakfast & Brunch",02116
Thinking Cup,"Coffee & Tea, Breakfast & Brunch, Sandwiches",02116
Pho Basil,"Vietnamese, Thai, Seafood",02115
Lenox Sophia,New American,02127
Franklin Cafe,"Lounges, New American, Cocktail Bars",02118
il Molo,Seafood,02109
Mario's Restaurant,Italian,02128
Monica's Mercato,"Specialty Food, Italian, Pizza",02113
Troquet on South,"French, Cocktail Bars",02111
Hopewell Bar & Kitchen,"Bars, New American",02134
Woody's Grill and Tap,"Bars, American, Pizza",02115
Lobstah On A Roll,"Seafood, Soup, Sandwiches",02118
Coquette,"Breakfast & Brunch, Pizza, Cocktail Bars",02210
Barcelona Wine Bar,"Tapas/Small Plates, Spanish, Wine Bars",02446
Ciao Roma,"Italian, Seafood, Beer, Wine & Spirits",02113
Cafe Landwer,"Breakfast & Brunch, Cafes, Mediterranean",02215
The Merchant,"New American, Brasseries",02110
Trade,"Mediterranean, Cocktail Bars",02110
Legal Sea Foods - Boston,"Seafood, Bars, Sandwiches",02109
Morton's The Steakhouse,"Steakhouses, Seafood",02210
La Summa,"Italian, Desserts, Salad",02113
Dino's Cafe,Italian,02113
Santarpio's Pizza,Pizza,02128
Flour Bakery + Cafe,"Cafes, Coffee & Tea, Bakeries",02114
Wicked Craft,"Sandwiches, Wine Bars, Beer Bar",02113
Taiwan Café,"Taiwanese, Chinese, Seafood",02111
The Kenmore,"Bars, Burgers, Hot Dogs",02215
Bacco,"Italian, Wine Bars, Southern",02113
Rabias Dolce Fumo,"Italian, Seafood, Bars",02113
Top Mix Bar & Kitchen,"Cocktail Bars, New American",02119
Back Bay Social,"New American, Desserts",02116
Boston Shawarma,"Middle Eastern, Halal, Mediterranean",02115
Dirty Water Dough,"Pizza, Sandwiches, Salad",02116
Bab Alyemen Boston Restaurant,"Arabic, Middle Eastern",02215
Blue Ribbon Sushi,"Japanese, Sushi Bars, Steakhouses",02215
North End Fish Market,"Sushi Bars, Seafood, Japanese",02113
Trophy Room,"Cocktail Bars, Gay Bars, American",02116
Viale,"Italian, Bars, Tapas/Small Plates",02139
M.J. O'Connor's,"American, Irish Pub",02116
Banyan Bar + Refuge,"Asian Fusion, Tiki Bars, Vegetarian",02116
Alcove,"Cocktail Bars, American, Wine Bars",02114
Liuyishou Hotpot,"Chinese, Hot Pot",02111
Irashai Sushi and Teriyaki,"Japanese, Sushi Bars",02111
Kings Dining & Entertainment,"Sports Bars, American, Bowling",02210
Assaggio,"Italian, Seafood",02113
Piccolo Nido,Italian,02113
FiRE + iCE  Grill + Bar,"American, Cocktail Bars, Comfort Food",02116
Luke's Lobster Downtown Crossing,"Seafood, Soup, Sandwiches",02108
224 Boston Street Restaurant,New American,02125
Lone Star Taco Bar,"Tacos, Cocktail Bars",02141
State Park,"New American, Dive Bars, Venues & Event Spaces",02139
Dumpling Xuan,"Chinese, Seafood, Noodles",02141
Mela,Indian,02118
Hei La Moon,"Dim Sum, Cantonese",02111
Tatte Bakery and Cafe,"Breakfast & Brunch, Sandwiches, Coffee & Tea",02116
Lulu's Allston,"New American, Sports Bars, Breakfast & Brunch",02134
Sam LaGrassa's,"Delis, Sandwiches",02108
Corner Tavern,"Bars, New American",02115
Smith & Wollensky - Boston,"Steakhouses, Seafood, New American",02210
Momosan Boston Morimoto,"Bars, Asian Fusion, Ramen",02114
Bangkok Bento Thai kitchen & Sushi Bar,"Sushi Bars, Thai, Asian Fusion",02116
Lobstah On A Roll,"Seafood, Soup, Sandwiches",02116
Mi Pueblito Restaurant,"Mexican, Salvadoran, Seafood",02128
Doña Habana,"Cuban, Desserts, Salad",02118
Lily's Bar Pizza Patio,"Pizza, New American",02110
Granary Tavern,"New American, Pubs",02109
Rhythm n Wraps,"Wraps, Tacos, American",02134
Hunter’s Kitchen & Bar,"Bars, Southern, Comfort Food",02127
Bar Volpe,"Italian, Desserts, Bars",02127
Tavern In The Square,"Sports Bars, New American",02114
The Paramount,"Breakfast & Brunch, New American, Sandwiches",02114
Terra at Eataly Boston,"Italian, Bars",02199
Clover Food Lab,"Sandwiches, Cafes, New American",02108
Zen Japanese Grill & Sushi Bar,"Japanese, Sushi Bars",02108
Mae Asian Eatery,"Thai, Chinese, Vietnamese",02139
Metropolis,"New American, Wine Bars",02118
Chilacates Mexican Street Food,Mexican,02130
Faccia a Faccia,Italian,02116
Flight Club Darts Boston,"Bars, New American",02210
Barking Crab,"Seafood, Beer Bar",02210
The Warren Tavern,"Bars, American",02129
Libertine North End,"American, Italian, Mediterranean",02113
Florina Pizzeria & Paninoteca,"Pizza, Italian, Salad",02114
Sportello,Italian,02210
1928 Beacon Hill,"American, Bars, Steakhouses",02108
Love Art Sushi,"Poke, Japanese",02115
Shun's Kitchen,"Japanese, Chinese, Asian Fusion",02118
Double Chin,"Asian Fusion, Chinese, Hong Kong Style Cafe",02111
Rod Thai Family Taste,Thai,02215
Glass House,"American, Venues & Event Spaces, Gluten-Free",02142
Nebo Cucina & Enoteca,"Italian, Gluten-Free, Pizza",02210
Gyu-Kaku Japanese BBQ,"Japanese, Barbeque, Asian Fusion",02446
Carrie Nation Cocktail Club,"American, Cocktail Bars",02108
Russell House Tavern,"New American, Pizza, Cocktail Bars",02138
Strega Italiano Seaport,"Italian, Wine Bars, American",02210
Ganko Ittetsu Ramen,Ramen,02446
Gather,"New American, Bars",02210
The Haven,"Gastropubs, Scottish, Fish & Chips",02130
Harvard Gardens,"Bars, American, Burgers",02114
Great Taste Bakery & Restaurant,"Bakeries, Dim Sum, Cantonese",02111
Judy's Bay,"Seafood, Japanese, Pan Asian",02139
Veggie Galaxy,"Breakfast & Brunch, Comfort Food, American",02139
The Avenue,"American, Beer Bar",02134
Servia,"Mediterranean, Cocktail Bars, Wine Bars",02109
Brownstone,"Bars, Breakfast & Brunch, New American",02116
City Bar,"New American, Cocktail Bars",02116
Penang,"Malaysian, Chinese, Thai",02111
Solas Irish Pub,"Irish, Irish Pub",02116
Ogawa Coffee,"Coffee & Tea, Sandwiches, Cafes",02108
South End Buttery,"Coffee & Tea, Breakfast & Brunch, Burgers",02118
Alma Gaucha,"Steakhouses, Desserts, Brazilian",02210
OAK Long Bar + Kitchen,"Bars, New American",02116
The Quiet Few,"Beer, Wine & Spirits, Burgers, Cocktail Bars",02128
Puritan & Company,"New American, Wine Bars",02139
Giulia,"Italian, Wine Bars, Cocktail Bars",02138
Tuscan Kitchen - Boston,"Italian, Bars",02210
Cheeky Monkey Brewing Company,"Brewpubs, American, Asian Fusion",02215
High Street Place,Food Court,02110
Map Room Tea Lounge,"Lounges, Sandwiches, Tea Rooms",02116
Angela's Cafe - Eagle Hill,"Mexican, Breakfast & Brunch",02128
Sip Wine Bar And Kitchen,"Wine Bars, Comfort Food, Cocktail Bars",02111
Saloniki Greek,"Greek, Mediterranean, Salad",02215
Mahaniyom,"Cocktail Bars, Thai, Tapas/Small Plates",02445
D'Parma Restaurant,Italian,02128
The Cheesecake Factory - Boston,"American, Desserts",02199
Davio's Northern Italian Steakhouse - Seaport,"Steakhouses, Italian, Seafood",02210
Warehouse Bar & Grille,"Sports Bars, American",02109
Nando Ristorante Enoteca,"Italian, Desserts, Cocktail Bars",02113
Cafe Porto Bello,"Pizza, Italian",02127
Ichiban Yakitori Sushi House,"Korean, Asian Fusion, Japanese",02115
Red's Best Seafood at the Boston Public Market,"Seafood, Seafood Markets",02108
Flour Bakery + Cafe,"Bakeries, Coffee & Tea, Sandwiches",02118
Trident Booksellers & Café,"Bookstores, Breakfast & Brunch, Sandwiches",02115
Blackmoor Bar and Kitchen,"American, Pubs",02129
Lily P's,"Venues & Event Spaces, Chicken Shop, Cocktail Bars",02142
Citizen Public House & Oyster Bar,"Gastropubs, Whiskey Bars, Seafood",02215
DIG,New American,02116
Season to Taste,New American,02138
Brown Sugar Cafe,Thai,02215
Limani Grille,"Bars, Seafood, Greek",02210
Waypoint,"Bars, New American, Seafood",02138
Grainne O’Malley’s,"Irish Pub, American, Chicken Wings",02446
Kantipur Cafe,"Indian, Himalayan/Nepalese, American",02139
Time Out Market Boston,"Cocktail Bars, Desserts, New American",02215
WakuWaku,Ramen,02111
India Quality Restaurant,Indian,02215
Chilacates Mexican Street Food,"Mexican, Street Vendors",02118
City Table,"Bars, New American, Breakfast & Brunch",02116
Alden & Harlow,"American, Breakfast & Brunch",02138
Yunnan Kitchen,"Szechuan, Pan Asian, Noodles",02118
SPIN Boston,"Sports Clubs, Cocktail Bars, New American",02210
Outlook Kitchen And Bar,"New American, Breakfast & Brunch, Bars",02211
SAVR,"American, Cocktail Bars",02210
Life Alive Organic Cafe Back Bay,"Juice Bars & Smoothies, Vegetarian, Salad",02116
Table,Italian,02113
Petit Robert Bistro,"French, Breakfast & Brunch, Wine Bars",02118
Ernesto's,"Pizza, Salad",02113
DIG,New American,02108
Rochambeau,"French, Bars",02115
Pho Pasteur,Vietnamese,02111
Tatte Bakery & Cafe,"Breakfast & Brunch, Bakeries, Coffee & Tea",02110
Tatte Bakery & Cafe,"Cafes, Bakeries, Breakfast & Brunch",02116
Alma Cantina,"Bars, Tacos",02108
Rowes Wharf Bar - Boston Harbor Hotel,"Bars, New American, Breakfast & Brunch",02110
Bronwyn,"German, Cocktail Bars",02143
Cambridge Deli & Grill,"Delis, American",02139
Capo Restaurant,"Bars, Italian",02127
Angela's Cafe - Orient Heights,"Mexican, Breakfast & Brunch",02128
Theo's Cozy Corner,"Breakfast & Brunch, Italian",02113
Boston Kitchen Pizza,"Pizza, Italian, Burgers",02116
Cafe Landwer,"Mediterranean, Breakfast & Brunch, Cafes",02116
Kane's Donuts - Downtown,"Donuts, Coffee & Tea, Breakfast & Brunch",02110
Figs by Todd English,"Pizza, Italian",02114
Grafton Street,"New American, Pubs, Cocktail Bars",02138
Geppetto,"Italian, Wine Bars",02141
Lulu Green,"Vegan, Cafes, Cocktail Bars",02127
Batifol,"French, Breakfast & Brunch, Wine Bars",02142
Mamaleh's Delicatessen,"Delis, Bagels",02139
Del Frisco's Double Eagle Steakhouse,"Seafood, Steakhouses, American",02210
Tatte Bakery & Cafe,"Coffee & Tea, Bakeries, Breakfast & Brunch",02210
Miel Brasserie,"Salad, Breakfast & Brunch, American",02210
Row 34 - Cambridge,"Seafood, Beer Bar",02142
UNI,"Sushi Bars, Japanese, Asian Fusion",02215
PlantPub,"Burgers, Desserts, Pizza",02142
Phin Coffee House,"Vietnamese, Coffee & Tea, Sandwiches",02110
GRECO,"Greek, Salad, Wraps",02210
Mecha Noodle Bar,"Noodles, Bubble Tea, Ramen",02210
Last Hurrah,"New American, Whiskey Bars, Cocktail Bars",02108
The Black Rose,"American, Irish Pub",02109
Boston Chops Downtown,"Steakhouses, New American",02111
Tatte Bakery,"Bakeries, Breakfast & Brunch, Cafes",02108
Bukowski Tavern,"American, Dive Bars",02115
Café Luna,"Coffee & Tea, Sandwiches, Breakfast & Brunch",02139
Club Café,"Gay Bars, Italian, Dance Clubs",02116
Shy Bird,"Salad, Breakfast & Brunch, Sandwiches",02142
Taqueria Jalisco,Mexican,02128
Hong Kong Eatery,"Seafood, Noodles, Barbeque",02111
The Westland,"New American, Bars",02115
Mike's City Diner,Diners,02118
Gene's Chinese Flatbread Cafe,"Chinese, Noodles",02111
Field & Vine,"New American, Bars, Live/Raw Food",02143
Yamato 2,"Japanese, Sushi Bars, Buffets",02116
Tatte Bakery & Cafe,"Cafes, Breakfast & Brunch, Sandwiches",02142
Rose Town Kitchen & Bar,"American, Cocktail Bars, Pizza",02109
Cafe G,"New American, Coffee & Tea, Bars",02115
Thai Basil Restaurant,"Thai, Seafood, Noodles",02116
Legal Sea Foods - Copley Place,"Seafood, Bars, Sandwiches",02116
Lucky's Lounge,"Lounges, American, Comfort Food",02210
Carlo's Cucina Italiana,"Italian, Desserts, Salad",02134
Cafe Quattro,"Pizza, Italian",02118
Sweet Cheeks Q,"Southern, Bars, Barbeque",02215
Stubbys,"Salad, Breakfast & Brunch, American",02210
Vinoteca di Monica,"Italian, Wine Bars, Seafood",02109
Tora Ramen,Ramen,02111
Vintage Restaurant and Lounge,"Lounges, New American",02110
Mu Lan,"Taiwanese, Chinese",02139
Yoki Express,"Sushi Bars, Japanese, Poke",02210
Thinking Cup,"Coffee & Tea, Sandwiches, Bagels",02113
Waverly Kitchen & Bar,"Cocktail Bars, Breakfast & Brunch, Tapas/Small Plates",02129
Blunch,"Breakfast & Brunch, Coffee & Tea, Sandwiches",02118
Yellow Door Taqueria - South End,"Mexican, Bars",02118
Lotus Test Kitchen,"Asian Fusion, Bubble Tea, Acai Bowls",02110
Anchovies,"Italian, Bars, Salad",02116
Ruckus,"Ramen, Pan Asian, Noodles",02111
Tenoch Mexican,"Mexican, Food Trucks",02110
My Thai Vegan Cafe,"Thai, Vegan, Bubble Tea",02111
Broadside Tavern,"Beer Bar, Irish",02110
Tatte Bakery & Cafe,"Cafes, Bakeries",02115
Clover Food Lab,"Sandwiches, Cafes, New American",02215
Antonio's Cucina Italiana,"Italian, Bars",02114
Artu,"Italian, Diners, Wine Bars",02113
Cafe Amaro,"Italian, Wine Bars, Pizza",02113
Cantina Italiana,Italian,02113
La Pizza & La Pasta at Eataly Boston,Italian,02199
Nagomi Izakaya,"Japanese, Sushi Bars, Beer, Wine & Spirits",02215
Lucia Ristorante,"Italian, Wine Bars",02113
Rowes Wharf Sea Grille,"Seafood, Breakfast & Brunch, Cocktail Bars",02110
Mo'Rockin Fusion,"Moroccan, Mediterranean, Fast Food",02108
Gyu-Kaku Japanese BBQ,"Japanese, Barbeque, Asian Fusion",02125
The Bittersweet Shoppe on Newbury,"Cafes, Ice Cream & Frozen Yogurt, Breakfast & Brunch",02116
A.T. O'Keeffe's,"Irish Pub, Sports Bars, Burgers",02215
Mei Mei Dumplings,Asian Fusion,02127
El Pelón Taquería,Mexican,02215
Dryft,"Seafood, Italian, Bars",02151
El Jefe's Taqueria,Tacos,02116
Flour Bakery + Cafe,"Bakeries, Desserts, Sandwiches",02115
Bono Restaurant and Catering,"Bakeries, Salvadoran, Mexican",02128
Pho Viet's,Vietnamese,02215
Fromage Wine Bar and Restaurant,"Wine Bars, Comfort Food",02127
Monica's Trattoria,"Italian, Seafood, Bars",02113
North 26 Restaurant and Bar,"American, Modern European, Steakhouses",02109
Gustazo Cuban Kitchen & Bar,"Cuban, Bars, Tapas/Small Plates",02453
Mast,"Pizza, Italian, Mediterranean",02108
Taiyaki NYC - Boston,"Ice Cream & Frozen Yogurt, Desserts, Japanese",02210
Café Sauvage,"Breakfast & Brunch, Coffee & Tea",02115
sweetgreen,Salad,02116
Rail Stop Restaurant & Bar,"New American, Seafood, Cocktail Bars",02135
The White Bull Tavern,"Bars, New American",02108
"Greystone Cafe, Bakery, and Provisions","Cafes, Bakeries, Breakfast & Brunch",02116
The Hourly Oyster House,"Seafood, Bars",02138
Commonwealth Restaurant and Market,"American, Bars, Venues & Event Spaces",02142
Dali Restaurant & Tapas Bar,"Spanish, Tapas Bars, Beer, Wine & Spirits",02143
Mala Restaurant,"Barbeque, Szechuan",02134
Holly Crab,"Seafood, Cajun/Creole",02215
Seoul Soulongtang,"Korean, Soup",02134
Bambara - Cambridge,"New American, Breakfast & Brunch",02141
Prairie Fire,"Pizza, New American, Wine Bars",02446
Ned Devine's,"Music Venues, Irish Pub, American",02109
Celeste,"Peruvian, Latin American, Seafood",02143
Brighton Bodega,"Cocktail Bars, Tapas/Small Plates",02135
Para Maria,"Wine Bars, Mexican, Cocktail Bars",02210
Brick & Mortar,"Lounges, Cocktail Bars, Gastropubs",02139
Underdog Hot Chicken,"Chicken Wings, Chicken Shop",02134
Hojoko Boston,"Japanese, Cocktail Bars",02215
Parker's Restaurant,New American,02108
Pasta Beach,"Italian, Pizza, Bars",02110
The Point,"American, Sports Bars",02108
Bricco Salumeria and Pasta Shoppe,"Grocery, Pasta Shops, Sandwiches",02113
Southern Kin Cookhouse,"Southern, Cocktail Bars",02145
311 Boston,Japanese,02118
Comfort Kitchen,"Comfort Food, Caribbean, Pan Asian",02125
Qiao Lin Hotpot - Boston,"Hot Pot, Seafood",02134
Shawarma Falafel,"Middle Eastern, Halal",02108
Tasty Burger,"Burgers, Hot Dogs, Fast Food",02215
Vejigantes,"Puerto Rican, Latin American",02118
The Lexington,"American, Salad, Sandwiches",02141
Prima,"Wine Bars, Italian",02129
Amrheins,"New American, Bars, Breakfast & Brunch",02127
Toscano,Italian,02138
Muqueca Restaurant,"Latin American, Brazilian, Seafood",02141
Luna's Restaurant Italian and Latin Cuisine,"Italian, Latin American, Bars",02128
Yard House,"Bars, New American, Vegetarian",02215
Stockyard Restaurant,"Bars, Seafood, Steakhouses",02135
Rebel's Guild,American,02116
Blossom Bar,"Cocktail Bars, Chinese",02445
Trina's Starlite Lounge,"Lounges, American, Dive Bars",02143
Union Park Pizza,Pizza,02116
Cafe Beatrice,Cafes,02141
Cicada Coffee Bar,"Vietnamese, Cafes",02139
Brassica Kitchen & Cafe,"New American, Cafes, Cocktail Bars",02130
South End Pita,Mediterranean,02118
Matsunori Handroll Bar,"Japanese, Seafood, Sushi Bars",02215
Thai Dish,"Thai, Noodles, Soup",02215
El Centro,Mexican,02118
Dolphin Bay,"Taiwanese, Bubble Tea",02134
Haley House Bakery Café,"Bakeries, Cafes",02119
Gustazo Cuban Kitchen & Bar - Cambridge,"Cuban, Tapas/Small Plates, Bars",02140
Tatte Bakery & Cafe,"Bakeries, Cafes, Breakfast & Brunch",02118
Newbury Street,"Landmarks & Historical Buildings, Food Court, Shopping Centers",02228
Moona,Mediterranean,02139
Bottega di Capri,"Italian, Comfort Food, Seafood",02445
Phinista,"Creperies, Breakfast & Brunch, Vietnamese",02215
Rinas Pizzeria & Cafe,"Italian, Pizza",02113
Eva Boston,New American,02116
Bennett's Sandwich Shop,"Sandwiches, Breakfast & Brunch, Cheesesteaks",02215
Dumpling Cafe,"Taiwanese, Chinese",02111
El Peñol,Colombian,02128
Shy Bird,"Salad, Breakfast & Brunch, Sandwiches",02127
Zo Greek,"Greek, Bars",02145
Grainmaker,Asian Fusion,02110
Slade's Bar & Grill,"Bars, American",02120
Sushi Kappo,"Sushi Bars, Poke, Ramen",02215
Villa Francesca,"Italian, Wine Bars, Seafood",02109
Wahlburgers,"American, Burgers",02215
Dovetail Restaurant & Shop,"Wine Bars, Pasta Shops, Seafood",02129
The Blue Ox,New American,01901
El Potro Mexican Grill,"Mexican, Bars",02148
110 Grill - Boston,"New American, American, Gluten-Free",02125
The Palm - Boston,"Seafood, Steakhouses",02110
Bardo's Pizza,"Pizza, Salad",02127
Evergreen Eatery,"Breakfast & Brunch, American",02130
Maria's Taqueria,Mexican,02116
Life Alive Organic Cafe Central Square,"Vegetarian, Juice Bars & Smoothies, Salad",02139
Casa Razdora,"Italian, Pizza, Wraps",02109
Mei Sum,"Bakeries, Sandwiches",02111
Avenue Kitchen + Bar,"Beer Bar, Pizza, Cocktail Bars",02144
Jumbo Seafood Restaurant,"Seafood, Chinese",02111
Cafe Darq,"Asian Fusion, Desserts, Bubble Tea",02111
Source Restaurant,"Pizza, Gastropubs",02138
Bao Bao Bakery & Cafe,"Bakeries, Cafes",02111
The Boathouse,"Sandwiches, Fish & Chips, American",02138
Tavern at the End of the World,"Pubs, New American",02129
wagamama - Prudential,"Asian Fusion, Noodles",02199
Ariana Restaurant,Afghan,02135
City Cruises Boston Rowes Wharf,"Venues & Event Spaces, American, Boat Tours",02210
Doughboy Donuts & Deli,"Donuts, Delis, Pizza",02127
Dynasty,"Cantonese, Dim Sum",02111
Massimino's,"Italian, Desserts, Wine Bars",02113
Catalyst Restaurant,"New American, Desserts, Breakfast & Brunch",02139
Joe's Waterfront,"Burgers, American, Cocktail Bars",02110
Beacon Hill Books & Cafe,"Bookstores, Cafes",02114
Friendship BBQ,"Barbeque, Szechuan",02111
New Golden Gate,Chinese,02111
LongCross Bar & Kitchen,"Pizza, Beer Bar, American",02155
9Zaab,Thai,02141
Lookout Rooftop,"Bars, Tapas/Small Plates",02210
Hokkaido Ramen Santouka - Harvard Square,Ramen,02138
Gyro City,Greek,02135
Soup Shack - Brookline,"Ramen, Thai, Vietnamese",02446
Cini’s,"Pizza, Italian",02114
Vinny's Ristorante,"Italian, Sandwiches, Wine Bars",02145
Fat Hen Broadway East,"Italian, Wine Bars",02145
Genki Ya - Boston,"Sushi Bars, Japanese, Bars",02116
Blaze Pizza,"Salad, Pizza, Fast Food",02215
Lilly's Gourmet Pasta Express,Italian,02120
Filippo Ristorante & Bar,Italian,02114
No Relation,Sushi Bars,02118
Back Deck,"Burgers, American",02111
Bella Vista,Italian,02113
Boloco,"Mexican, Fast Food, New American",02116
EVOO Restaurant,New American,02142
Chilacates Mexican Street Food,Mexican,02120
Asmara Restaurant,"Ethiopian, Bars, Eritrean",02139
Aceituna Grill,"Middle Eastern, Mediterranean",02142
Abigail's Tea Room,"Coffee & Tea, Soup, Sandwiches",02210
Galleria Umberto,"Pizza, Italian",02113
Aceituna Grill,"Mediterranean, Middle Eastern",02210
Spoke Wine Bar,"New American, Wine Bars",02144
Vincent's,"Wine Bars, Breakfast & Brunch, Cafes",02141
Teddy’s On The Hill,"Bars, American",02114
ORALE Mexican Grill,Mexican,02141
Mamacita Mexican Comida,Mexican,02115
Falafel King,"Middle Eastern, Falafel, Halal",02108
Temazcal Tequila Cantina,"Mexican, Seafood, Cocktail Bars",02210
Serafina Back Bay,"Italian, Pizza",02116
Cambridge Brewing Company,"Gastropubs, Brewpubs",02139
Yume Ga Arukara,"Japanese, Noodles",02140
Tavern of Tales,"Bars, Cafes, Sandwiches",02120
Gyroscope,"Greek, Mediterranean, Salad",02115
Ba Le Dorchester,"Vietnamese, Sandwiches",02125
Stoked Wood Fired Pizza,"Pizza, Diners, Salad",02446
The Pearl,"Seafood, Cocktail Bars",02125
Peach Farm,Chinese,02111
Next Door Speakeasy & Raw Bar,"Speakeasies, Live/Raw Food, Cocktail Bars",02128
Momi Nonmi,"Japanese, Sushi Bars, Gluten-Free",02139
Wow Tikka,Indian,02125
The Green Dragon Tavern,"Pubs, American, Music Venues",02108
Thai Oishi - Boston,"Thai, Japanese",02122
Saloniki Greek,"Greek, Desserts",02139
Roxy's Grilled Cheese,"Sandwiches, Burgers, Hot Dogs",02139
Oppa Sushi,"Sushi Bars, Japanese, Seafood",02134
Beatnic Vegan Restaurant - Back Bay,"Vegan, Vegetarian, Gluten-Free",02116
Kings Dining & Entertainment,"Bowling, Sports Bars, American",02115
Pink Carrot,"Coffee & Tea, Juice Bars & Smoothies, Salad",02113
The Broadway,"Pizza, Cocktail Bars, Burgers",02127
Flour Bakery + Cafe,"Coffee & Tea, Bakeries, Sandwiches",02139
Ritcey East,"Burgers, Beer Bar, Cocktail Bars",02472
Quattro,"Pizza, Italian",02113
Posto,"Italian, Pizza",02144
Hot Pot Buffet,"Chinese, Buffets, Hot Pot",02111
Totto Ramen,Ramen,02125
Shu Daxia Hot Pot,Hot Pot,02215
Al's State Street Cafe,"Salad, Italian, Chicken Shop",02109
Zinneken's Belgian Waffles - Harvard Square,"Bakeries, Waffles, Bulgarian",02138
Tatte Bakery & Cafe,"Bakeries, Cafes",02215
CAVA,"Mediterranean, Salad",02116
Trifecta,"Cocktail Bars, Seafood",02199
La Morra,Italian,02445
Asian Garden,"Chinese, Seafood",02111
P.F. Chang's,"Chinese, Asian Fusion",02116
The Florentine Cafe,"Italian, Cafes",02113
Bon Appetit Creperie,Creperies,02108
Parlour,"New American, Cocktail Bars, Tapas/Small Plates",02446
Gordon Ramsay Burger,Burgers,02109
Dumpling House,Chinese,02139
The Painted Burro,"Mexican, Cocktail Bars",02144
El Potro Mexican Grill,"Mexican, Bars",02143
Loretta's Last Call,"Southern, Music Venues, Beer Bar",02215
Cask'n Flagon,"Sports Bars, American",02215
Zo Greek,Greek,02109
Tsurutontan Udon Noodle Brasserie - Boston,"Japanese, Sushi Bars, Noodles",02215
Lifted Restaurant,"New American, Lounges, Cocktail Bars",02210
Shaking Crab - Boston Common,"Cajun/Creole, Seafood",02116
Cunard Tavern,"American, Gastropubs, Beer Bar",02128
Fat Baby,"Sushi Bars, Cocktail Bars",02127
Grace By Nia,"Jazz & Blues, Southern, Cocktail Bars",02210
Coreanos Allston,"Korean, Asian Fusion, Mexican",02134
Caffébene,"Coffee & Tea, Breakfast & Brunch, Sandwiches",02115
LUCIE drink + dine,"Bars, New American",02116
MJ O'Connor's - Seaport,"American, Cocktail Bars, Beer Bar",02210
Silk Road Uyghur Cuisine,"Chinese, Halal, Asian Fusion",02141
Sufra Mediterranean Food,"Mediterranean, Halal",02215
Pinky’s Cocktails And Dreams,"Cocktail Bars, American",02116
Tatte Bakery & Cafe,"Bakeries, Cafes, Breakfast & Brunch",02446
Saigon Fusion,Vietnamese,02115
Cannonball Cafe,Cafes,02127
Madras Dosa,Indian,02210
Tenderoni's,"Pizza, Italian, Cocktail Bars",02215
Clover Food Lab,"New American, Cafes, Sandwiches",02116
Empire,"Lounges, Asian Fusion, Sushi Bars",02210
Mei Mei Street Kitchen,"Caterers, Food Trucks, Asian Fusion",02215
Ten Tables,New American,02130
sweetgreen,Salad,02199
Blu Restaurant & Bar,"New American, Seafood",02111
Wen’s Noodle & Ramen 过桥米线,"Noodles, Ramen, Chinese",02111
Clover Food Lab,"Sandwiches, Cafes, New American",02139
Off the Common,New American,02116
Tavern in the Square,"Sports Bars, American",02110
Alfredo's Italian Kitchen - South Boston,"Italian, Pizza",02127
Tatte Bakery & Cafe,"Cafes, Bakeries, Breakfast & Brunch",02115
Si Cara,"Pizza, Wine Bars, Tapas/Small Plates",02139
DIG,New American,02210
Eddie V's Prime Seafood,"Seafood, Steakhouses, Lounges",01803
Happy Lamb Hot Pot,"Hot Pot, Chinese, Asian Fusion",02116
Premiere on Broadway,"Music Venues, Italian, Cocktail Bars",02145
Mida - East Boston,"Pizza, Italian, Wine Bars",02128
Mastro's Ocean Club,"Steakhouses, Seafood",02210
Moon & Flower House -Boston,"Burgers, Bubble Tea, Desserts",02111
Sycamore,"New American, French",02459
Suasday,"Sandwiches, Cambodian, Salad",02113
Hobgoblin Bar,"Bars, Asian Fusion, Tapas Bars",02111
VERSUS,"Arcades, Bars, American",02108
Zhi Wei Cafe,"Chinese, Noodles",02111
BONAPITA,"Mediterranean, Bakeries, Food Delivery Services",02110
Clover Food Truck,"New American, Cafes, Sandwiches",02111
The Mission Bar & Grill,"Bars, New American",02120
Figaro's,Delis,02111
Chart House,"Seafood, Steakhouses, Venues & Event Spaces",02110
Parm,"Italian, Coffee & Tea, Salad",02116
Umai,Japanese,02116
Za,"Pizza, New American",02142
Rosebud Bar & Kitchen ,"New American, Cocktail Bars, Indian",02144
LaMei Hot Pot,"Chinese, Hot Pot, Bars",02446
Olde Magoun's Saloon,"Irish, Sports Bars, American",02145
75 on Liberty Wharf,"New American, Breakfast & Brunch, Bars",02210
Oak Bistro,"New American, Burgers",02139
Jamaica Mi Hungry,Caribbean,02130
The Coast Cafe,"Soul Food, Barbeque",02139
Five Horses Tavern,"Beer Bar, New American, Tacos",02144
dbar,"Dance Clubs, New American",02125
Rosa Mexicano,"Mexican, Salad, Cocktail Bars",02210
Pita Thyme,"Lebanese, Mediterranean",02109
Rock Bottom,American,02116
Scholars American Bistro & Cocktail Club,"New American, Pool Halls, Cocktail Bars",02108
Wicked Lobsta,Seafood,02109
Sabroso Taqueria,Mexican,02109
Local 149,"Bars, New American, Breakfast & Brunch",02127
Bar 10,"Lounges, New American, Cocktail Bars",02116
Pete's Dockside,"American, Seafood, Breakfast & Brunch",02210
GRECO,"Greek, Salad, Coffee & Tea",02109
Alive & Kicking Lobsters,"Seafood, Sandwiches",02139
Chelsea Station Restaurant Bar & Lounge,"Bars, New American, Breakfast & Brunch",02150
Sakana,"Sushi Bars, Japanese, Soup",02138
Elmendorf Baking Supplies,"Cafes, Specialty Food, Hobby Shops",02141
Somenya - Soba restaurant,Japanese,02111
Garlic 'n Lemons,"Middle Eastern, Mediterranean, Halal",02134
Oliveira's Steak House,"Brazilian, Steakhouses, Salad",02143
Omori Izakaya Brookline,"Japanese, Sushi Bars, Pubs",02445
Jaho,"Coffee & Tea, Bakeries, Sandwiches",02118
Pink Taco Boston,"Mexican, Breakfast & Brunch, Bars",02210
Central Wharf Co,"Bars, New American, Seafood",02109
Montien Thai Restaurant,"Thai, Seafood, Cocktail Bars",02116
Caffè Nero,"Coffee & Tea, Breakfast & Brunch",02111
Met Back Bay,New American,02116
Ducali Pizzeria & Bar,"Pizza, Italian, Cafes",02114
Alibi,"Lounges, New American",02114
Fiya Chicken,"Chicken Wings, Korean",02215
Laughing Monk Cafe,Thai,02134
Pier 6 Boston Waterfront,"Bars, New American, Seafood",02129
Cafe Sushi Shoten,"Japanese, Specialty Food",02138
Chinatown Cafe,Chinese,02111
Izakaya Ittoku,"Sushi Bars, Tapas/Small Plates, Izakaya",02140
Flour Bakery + Cafe,"Bakeries, Sandwiches, Desserts",02139
Estella,"American, Venues & Event Spaces, Bars",02111
Rocco's Cucina & Bar,"Sports Bars, Italian, Wraps",02109
Bangkok Pinto,Thai,02120
American Provisions,"Cheese Shops, Meat Shops, Sandwiches",02127
Seiyo,"Sushi Bars, Japanese",02118
Chicken and Rice Guys,"Halal, Mediterranean, Food Trucks",02108
Tres Gatos,"Tapas Bars, Wine Bars, Vinyl Records",02130
L'Osteria,"Italian, Wine Bars, Seafood",02113
Juliet,"Cafes, Breakfast & Brunch, French",02143
Renegade's Pub,"Pubs, Burgers",02128
Strega,Italian,02113
Bin 26 Enoteca,"Italian, Wine Bars",02114
Peruvian Taste,"Peruvian, Desserts, Breakfast & Brunch",02129
honeygrow,"Salad, Noodles, Desserts",02215
Rincón Mexicano,Mexican,02145
Tatte Bakery & Cafe,"Cafes, Bakeries, Breakfast & Brunch",02114
Peppercorn House,"Seafood, Asian Fusion, Thai",01801
Winsor Dim Sum Café,Dim Sum,02111
Gufo,"Pizza, Italian, Cocktail Bars",02141
Fin's Sushi & Grill,"Sushi Bars, Japanese",02116
South Street Diner,"Diners, Breakfast & Brunch",02111
The Bancroft,"New American, Steakhouses, Cocktail Bars",01803
A&B Kitchen • Bar,"Burgers, Comfort Food, Sports Bars",02114
wagamama - Faneuil Hall,"Asian Fusion, Noodles",02109
CAVA,"Mediterranean, Salad",02215
Gogo ya,"Japanese, Tacos",02215
Machu Chicken,Peruvian,02143
Fuji at Kendall,"Sushi Bars, Japanese, Asian Fusion",02142
Cesaria,"Portuguese, African, Seafood",02122
Boston & Maine Fish Co,Seafood,02109
Boqueria Seaport,"Spanish, Seafood, Tapas Bars",02210
PadThai Cafe,Thai,02215
Legal Sea Foods - Kendall Square,"Seafood, Bars, Sandwiches",02142
Mystic Station,"New American, Cocktail Bars, Desserts",02148
The Abbey,New American,02445
Tarboosh,"Pizza, Mediterranean, Halal",02134
Beantown Pastrami,"American, Sandwiches, Delis",02108
Thornton's Fenway Grille,"American, Breakfast & Brunch",02215
Five Spices House,Szechuan,02111
Pintxo Pincho Tapas Bar,"Spanish, Tapas Bars, Tapas/Small Plates",01801
Tasty Burger,"Burgers, Hot Dogs, Bars",02116
Courthouse Seafood Restaurant,"Seafood Markets, Seafood, Fish & Chips",02141
Seoul Jangteo,"Korean, Chinese, Noodles",02134
Beantown Pub,"Pubs, American, Breakfast & Brunch",02108
Pagliucas,Italian,02113
Amelias Trattoria,Italian,02139
The Federal,"Steakhouses, Cocktail Bars, Italian",02451
Basho Japanese Brasserie,"Japanese, Sushi Bars, Asian Fusion",02215
Rincon Limeño Restaurant,"Latin American, Peruvian",02128
Fuji at Assembly,"Sushi Bars, Salad, Asian Fusion",02145
Blue Nile Restaurant,Ethiopian,02130
Saloniki Greek,"Greek, Cocktail Bars, Mediterranean",02138
bb.q Chicken Kenmore,"Korean, Chicken Wings, Chicken Shop",02215
Isshindo Ramen,Ramen,02134
ArtBar Cambridge,New American,02142
Le's Sushi Bar & Restaurant,"Sushi Bars, Vietnamese",02141
Highland Kitchen,"New American, Bars, Breakfast & Brunch",02143
King and I,Thai,02114
Siam Ginger,Thai,02143
Monica’s Pasta Shop,"Delis, Pasta Shops, Sandwiches",02109
Amar ,"Portuguese, Wine Bars",02116
El Jefe’s Taqueria - Symphony,"Mexican, Breakfast & Brunch",02115
Vester,Cafes,02142
Tamo Bistro & Bar,"Bars, New American",02210
Bubor Cha Cha,"Seafood, Szechuan",02111
Ristorante Saraceno,"Italian, Seafood, Desserts",02113
Spirit of Boston,"American, Venues & Event Spaces, Boat Tours",02210
Ebi Sushi Bar,"Sushi Bars, Japanese",02143
Fasika Cafe,"Ethiopian, African",02119
The Daily Catch,Seafood,02446
Nud Pob Thai Cuisine,Thai,02215
The Sevens Ale House,"Pubs, American",02114
Lone Star Taco Bar,"Bars, Tacos",02134
Zuzu Momo,"Indian, Himalayan/Nepalese, Bars",02149
The Paramount,"Breakfast & Brunch, New American, Specialty Food",02127
Manoa Poke Shop,"Poke, Hawaiian, Seafood",02143
Thornton's,"Breakfast & Brunch, Cafes",02115
Clink,"New American, Lounges",02114
Chalawan,"Thai, Indonesian, Singaporean",02140
Tasty Mo:Mo,Himalayan/Nepalese,02145
The Dial at 907 Main,American,02139
Ward 4,"Comfort Food, New American, Cocktail Bars",02466
Regina Pizzeria,"Pizza, Italian",02215
Porter Cafe,"Bars, Burgers, Gastropubs",02132
Seoul - Boston,"Korean, Sushi Bars, Japanese",02114
Idle Hour,"American, Cocktail Bars, Breakfast & Brunch",02169
BAB Korean Bistro,Korean,02446
Lo Conte's Restaurant,"Italian, Wine Bars, Seafood",02113
POKE by Love Art,"Poke, Hawaiian",02114
Sprout,"Salad, Wraps, Desserts",02115
Aram's No 2 Pizza & Subs,Pizza,02141
Solid Ground Cafe,"Coffee & Tea, Cafes, Sandwiches",02115
Pagu,"Japanese, Spanish, Tapas Bars",02139
Billy's Sub Shop,"Diners, Sandwiches, Salad",02116
MMMac & Cheese,"American, Seafood, Burgers",02109
Render Coffee,"Cafes, Coffee & Tea",02118
My Diner,"New American, Breakfast & Brunch, Seafood",02127
Curio Coffee,"Coffee & Tea, Waffles, Wine Bars",02141
Peregrine,"Mediterranean, Italian, Breakfast & Brunch",02114
Mother Juice,"Juice Bars & Smoothies, Salad, Acai Bowls",02108
Basta Pasta Trattoria,"Italian, Pizza",02139
Talulla,"New American, Seafood",02138
Out of the Blue,Seafood,02144
CAVA,"Mediterranean, Salad",02142
Tasty Pot,"Hot Pot, Bubble Tea, Taiwanese",02134
Long Bar & Terrace,"Cocktail Bars, Breakfast & Brunch, Seafood",02116
Grana,"Italian, Breakfast & Brunch",02110
Sterling's,New American,02109
Esperia Grill,Greek,02135
Orinoco,"Caribbean, Venezuelan",02445
Thaitation,Thai,02215
Typhoon Asian Bistro,"Japanese, Asian Fusion, Sushi Bars",02116
Blaze Pizza,"Pizza, Salad, Fast Food",02141
Cactus Mexican Grill,"Mexican, Salvadoran",02128
Riccardo's Ristorante,"Italian, Event Planning & Services",02109
Telegraph Hill,"Sports Bars, American",02127
Fuki Japanese Cuisine,"Sushi Bars, Cocktail Bars, Japanese",02143
Singh's Roti Shop,Trinidadian,02125
Anchan House of Thai Food,Thai,02184
The Publick House,"Pubs, American, Belgian",02445
California Pizza Kitchen,"Pizza, New American, Salad",02199
Fuji at WoC,"Japanese, Sushi Bars, Cocktail Bars",02169
Lingo Cafe & Bar,"Bars, New American, Wraps",02141
Slate Bar & Grill,"American, Bars",02110
District 118 Kitchen and Bar,"Gastropubs, New American, Cocktail Bars",02464
Shake Shack Newbury Street,"Burgers, Hot Dogs, Ice Cream & Frozen Yogurt",02116
Yotel Deck 12,"Cocktail Bars, Beer Bar, Sandwiches",02210
Ali Baba,"Turkish, Halal, Mediterranean",02118
163 Vietnamese Sandwiches & Bubble Tea,"Vietnamese, Coffee & Tea, Delis",02111
Empire Garden Restaurant,"Dim Sum, Cantonese",02111
J & J Restaurant & Takeout,"Portuguese, American, Seafood",02143
Cocobeet,"Juice Bars & Smoothies, Salad, Vegan",02108
Fajitas & 'Ritas,"Tex-Mex, Venues & Event Spaces, Cocktail Bars",02111
Energize,"Juice Bars & Smoothies, Salad, Acai Bowls",02115
OliToki,"Korean, Asian Fusion, Mexican",02134
Sugidama Soba & Izakaya,"Noodles, Izakaya, Sushi Bars",02144
Archie's New York Deli,"Delis, Breakfast & Brunch, Sandwiches",02110
Daddy Jones,"Bars, Greek",02145
La Neta,"Tacos, Chicken Shop, Steakhouses",02116
Dumpling Palace,"Taiwanese, Chinese",02115
Wolfgang’s Steakhouse,"Steakhouses, Salad, Seafood",02108
Bistro 5,"Italian, Modern European",02155
Symphony Sushi,"Japanese, Sushi Bars",02115
Harborside Grill & Patio,"Seafood, American",02128
LoLa Burger,"Burgers, Sandwiches, American",02210
Lambert's Marketplace,"Delis, Beer, Wine & Spirits, Convenience Stores",02111
Olivia's Bistro,Italian,02458
Umbria,"Italian, Steakhouses, Bars",02113
Saigon Hut,Vietnamese,02128
The Washington Square Tavern,"Bars, American",02445
Boston Döner,"Kebab, Pizza, Turkish",02114
Dunn-Gaherin’s Food and Spirits,"Irish, New American, Desserts",02464
Ghost Pepper Taco + Tequila Bar,"Mexican, Lounges",02125
Wen's Yunnan Noodle & Ramen,"Ramen, Chinese, Noodles",02116
Eddie Merlot's,"Seafood, Steakhouses, American",02210
Boston Kebab - Boston,"Turkish, Mediterranean, Kebab",02109
Hao Shi Guang,"Chinese, Seafood",02134
City Winery,"Venues & Event Spaces, Wine Bars, New American",02114
The Lansdowne Pub,"Pubs, Salad, Sandwiches",02215
Buttonwood,"New American, Bars",02461
Sofia Italian Steakhouse,"Steakhouses, Italian",02132
OTTO,"Pizza, Gluten-Free, Vegetarian",02446
Penguin Pizza,"Pizza, Italian, Sports Bars",02115
Naco Taco on Newbury,"Tacos, Food Trucks",02115
Sweet Rice Thai Sushi,"Sushi Bars, Thai, Salad",02129
Siam Bistro,Thai,02110
Broadway's Pastry & Coffee Shop,"Desserts, Cafes, Coffee & Tea",02127
Nan Xiang Express ,"Shanghainese, Dim Sum, Noodles",02111
Taco Loco Mexican Grill,Mexican,02145
Lord Hobo,"Bars, American, Breakfast & Brunch",02139
Cap't Loui,"Seafood, Cajun/Creole",02184
The Cellar Food & Drink,"New American, Bars",02138
Sweet Basil,Italian,02492
Roxy's Gourmet Grilled Cheese,"Sandwiches, Food Trucks",02118
ReelHouse Boston,"New American, Seafood, Breakfast & Brunch",02128
Cha Yen Thai Cookery,"Thai, Ice Cream & Frozen Yogurt, Noodles",02472
House of Siam,"Thai, Seafood",02118
Suyajoint,"African, Wine Bars, Cocktail Bars",02119
The Townshend,"New American, Cocktail Bars, Sandwiches",02169
Dillon's,"Bars, American",02115
2nd Street Cafe,Cafes,02141
Liberty Tavern,"American, Pizza, Breakfast & Brunch",02169
Cambridge Common,"American, Bars",02138
Rossetti Restaurant of Lynn,"Italian, Bars, Venues & Event Spaces",01901
Clerys,"Bars, American, Sandwiches",02116
The Plough & Stars,"Music Venues, American, Irish",02139
Casey's,"Pubs, Pizza, Sandwiches",02145
M&J Teriyaki,"Japanese, Bubble Tea, Asian Fusion",02215
Lower Mills Tavern,"Cocktail Bars, Coffee & Tea, American",02124
Al's South Street Cafe,"Sandwiches, Salad",02111
Shabu-Zen,"Japanese, Chinese, Asian Fusion",02134
Orinoco,"Venezuelan, Desserts, Salad",02138
Mangia Mangia,"Italian, Burgers",02113
Tasca Restaurant,"Spanish, Tapas/Small Plates, Vegetarian",02135
Naco Taco,"Mexican, Beer Bar, Cocktail Bars",02139
Little Tao,"Szechuan, Seafood, Soup",02134
Serafina - Seaport,"Bars, Pizza, Italian",02210
Article 24,"Bars, New American, Sandwiches",02135
Antonio's Bacari,Italian,02136
Wahlburgers,"American, Burgers",02125
Soleil,Comfort Food,02119
Bánh Mì Ơi- West Roxbury,Vietnamese,02132
The Halal Guys,"Middle Eastern, Halal",02116
Chacarero,"Sandwiches, Latin American",02108
Club Passim,"Music Venues, American, Community Service/Non-Profit",02138
Valsos Table & Bar,"Tapas Bars, New American, Italian",02151
Victoria's Diner,"Diners, Breakfast & Brunch, American",02118
Moldova Restaurant,"Modern European, Comfort Food, Ukrainian",02458
Black Seed Cafe & Grill,"Middle Eastern, Halal, Falafel",02111
South End Buttery,"American, Coffee & Tea, Bakeries",02116
Kimchipapi Kitchen,"Korean, Poke, Hot Dogs",02134
Madhouse Cafe,Cafes,02119
The Boiling Crab,"Seafood, Cajun/Creole",02138
Chiharu,"Sushi Bars, Ramen, Noodles",02445
Haju Kitchen,Korean,02115
FiorItaly Trattoria,Italian,02155
Punjabi Dhaba,Indian,02139
The Hill Tavern,"Pubs, Breakfast & Brunch, Sandwiches",02114
Moon Flower House,"Burgers, Bubble Tea, Desserts",02134
Guy Fieri's Tequila Cocina,"Mexican, Latin American",02114
Seapoint Restaurant,"Bars, American",02127
Sophia's Grotto,"Italian, Spanish",02131
Sullivan's Castle Island,"Fast Food, Burgers, Ice Cream & Frozen Yogurt",02127
Legal Sea Foods - Park Square,"Bars, Seafood, Sandwiches",02116
Machu Picchu,Peruvian,02143
La Hacienda Restaurant and Bar,"Mexican, Bars",02128
All Star Pizza Bar,Pizza,02139
Taco Mex,"Mexican, Latin American, Seafood",02128
Clover Food Lab,"Sandwiches, Cafes, New American",02110
The Oyster Bar,Seafood,02109
Poké-City,"Poke, Japanese, Hawaiian",02109
Larry J's BBQ Cafe,"Barbeque, American, Caterers",02210
FuGaKyu Japanese Cuisine - Brookline,"Sushi Bars, Ramen, Seafood",02446
Shanti Indian Cuisine,"Indian, Bangladeshi, Asian Fusion",02125
Code 10,"Sandwiches, Soup, Ice Cream & Frozen Yogurt",02118
Stoked Wood Fired Pizza,"Food Trucks, Pizza",02110
Tambo 22,"Peruvian, Seafood, Cocktail Bars",02150
Bow Market,Food Court,02143
The Chicken & Rice Guys - Downtown,"Middle Eastern, Caterers",02111
Crispy Crêpes Cafe,"Creperies, Mediterranean, Breakfast & Brunch",02215
Sam's Kitchen,"Italian, Desserts, Wine Bars",01801
The Upper Crust Pizzeria,"Pizza, Chicken Shop",02114
Our Zone,Szechuan,02135
Pizzeria 260,"Italian, Pizza, Salad",02127
Vuolo's,Italian,02152
753 South,"Bars, American",02131
True North Kitchen + Bar,"New American, Seafood, Gastropubs",02191
The Cheesecake Factory,"American, Desserts",02141
Hub Hall,"Venues & Event Spaces, Bars, New American",02114
Leone's Sub & Pizza,"Sandwiches, Pizza",02145
Nash Bar And Stage,"Southern, New American, Venues & Event Spaces",02116
Casa Portugal,"Seafood, Portuguese",02139
Clarke's at Faneuil Hall,"American, Seafood, Bars",02109
Galley Diner,"Diners, American",02127
Urban Hearth,"New American, Bars",02140
